Adele Exarchopoulos,https://www.redditp.com/r/adeleexarchopoulos/top/?sort=top&t=all,real,actress,,
Aishwarya Rai,https://www.redditp.com/r/Celebs/search?q=Aishwarya+Rai&restrict_sr=on&include_over_18=on&sort=relevance&t=all,real,actress,,
Alexandra Daddario,https://www.redditp.com/r/alexandradaddario/top/?sort=top&t=all,real,actress,,
Alice Eve,https://www.redditp.com/r/aliceeve/top/?sort=top&t=all,real,actress,,
Alicia Vikander,https://www.redditp.com/r/alicia_vikander/top/?sort=top&t=all,real,actress,,
Alison Brie,https://www.redditp.com/r/alisonbrie/top/?sort=top&t=all,real,actress,,
Aly Michalka,https://www.redditp.com/r/alymichalka/top/?sort=top&t=all,real,actress,,
Alycia Debnam-Carey,https://www.redditp.com/r/alyciadebnamcarey/top/?sort=top&t=all,real,actress,,
Amanda Seyfried,https://www.redditp.com/r/amanda_seyfried/top/?sort=top&t=all,real,actress,,
Amber Heard,https://www.redditp.com/r/amber_heard/top/?sort=top&t=all,real,actress,,
Amy Adams,https://www.redditp.com/r/amyadams/top/?sort=top&t=all,real,actress,,
Ana de Armas,https://www.redditp.com/r/anadearmas/top/?sort=top&t=all,real,actress,,
Angelina Jolie,https://www.redditp.com/r/angelinajolie/top/?sort=top&t=all,real,actress,,
Anna Kendrick,https://www.redditp.com/r/annakendrick/top/?sort=top&t=all,real,actress,musician,
Anne Hathaway,https://www.redditp.com/r/annehathaway/top/?sort=top&t=all,real,actress,,
Anya Taylor-Joy,https://www.redditp.com/r/anya_taylorjoy/top/?sort=top&t=all,real,actress,,
Ariel Winter,https://www.redditp.com/r/arielwinter/top/?sort=top&t=all,real,actress,,
Aubrey Plaza,https://www.redditp.com/r/aubreyplaza/top/?sort=top&t=all,real,actress,,
Auli'i Cravalho,https://www.redditp.com/r/auliicravalho/top/?sort=top&t=all,real,actress,musician,
Bella Thorne,https://www.redditp.com/r/bellathorne/top/?sort=top&t=all,real,actress,musician,
Betty Gilpin,https://www.redditp.com/r/bettygilpin/top/?sort=top&t=all,real,actress,,
Blake Lively,https://www.redditp.com/r/blakelively/top/?sort=top&t=all,real,actress,,
Brenda Song,https://www.redditp.com/r/brendasong/top/?sort=top&t=all,real,actress,,
Bridgit Mendler,https://www.redditp.com/r/bridgitmendler/top/?sort=top&t=all,real,actress,,
Brie Larson,https://www.redditp.com/r/brielarson/top/?sort=top&t=all,real,actress,,
Bryce Dallas Howard,https://www.redditp.com/r/brycedallashoward/top/?sort=top&t=all,real,actress,,
Caity Lotz,https://www.redditp.com/r/caitylotz/top/?sort=top&t=all,real,actress,,
Camila Mendes,https://www.redditp.com/r/camilamendes/top/?sort=top&t=all,real,actress,,
Candice Patton,https://www.redditp.com/r/candicepatton/top/?sort=top&t=all,real,actress,,
Catherine Zeta-Jones,https://www.redditp.com/r/catherinezetajones/top/?sort=top&t=all,real,actress,,
Chloe Bennet,https://www.redditp.com/r/chloebennet/top/?sort=top&t=all,real,actress,,
Chloe Grace Moretz,https://www.redditp.com/r/chloegracemoretz/top/?sort=top&t=all,real,actress,,
Christian Serratos,https://www.redditp.com/r/christianserratos/top/?sort=top&t=all,real,actress,,
Christina Hendricks,https://www.redditp.com/r/christinahendricks/top/?sort=top&t=all,real,actress,,
Claudia Kim,https://www.redditp.com/search/?q=claudia+kim&include_over_18=on,real,actress,,
Cobie Smulders,https://www.redditp.com/r/cobiesmulders/top/?sort=top&t=all,real,actress,,
Collien Ulmen-Fernandes,https://www.instagram.com/collien_ulmen/?hl=en,real,actress,,
Constance Wu,https://www.redditp.com/r/constance_wu/top/?sort=top&t=all,real,actress,,
Courteney Cox,https://www.redditp.com/r/courteneycox/top/?sort=top&t=all,real,actress,,
Daisy Ridley,https://www.redditp.com/r/daisyridley/top/?sort=top&t=all,real,actress,,
Dakota Fanning,https://www.redditp.com/r/dakotafanning/top/?sort=top&t=all,real,actress,,
Dakota Johnson,https://www.redditp.com/r/dakotajohnson/top/?sort=top&t=all,real,actress,,
Danielle Panabaker,https://www.redditp.com/r/daniellepanabaker/top/?sort=top&t=all,real,actress,,
Debby Ryan,https://www.redditp.com/r/debbyryan/top/?sort=top&t=all,real,actress,,
Deborah Ann Woll,https://www.redditp.com/r/deborahannwoll/top/?sort=top&t=all,real,actress,,
Deepika Padukone,https://www.redditp.com/r/deepikapadukone/top/?sort=top&t=all,real,actress,,
Devon Aoki,https://www.redditp.com/r/devonaoki/top/?sort=top&t=all,real,actress,model,
Diane Guerrero,https://www.redditp.com/r/dianeguerrero/top/?sort=top&t=all,real,actress,,
Disha Patani,https://www.redditp.com/r/worshipdishapatani/top/?sort=top&t=all,real,actress,,
Dove Cameron,https://www.redditp.com/r/dovecameron/top/?sort=top&t=all,real,actress,musician,
Eiza Gonzalez,https://www.redditp.com/r/eizagonzalez/top/?sort=top&t=all,real,actress,,
Elisha Cuthbert,https://www.redditp.com/r/elishacuthbert/top/?sort=top&t=all,real,actress,,
Eliza Dushku,https://www.redditp.com/r/elizadushku/top/?sort=top&t=all,real,actress,,
Elizabeth Gillies,https://www.redditp.com/r/lizgillies/top/?sort=top&t=all,real,actress,,
Elizabeth Henstridge,https://www.redditp.com/r/elizabethhenstridge/top/?sort=top&t=all,real,actress,,
Elizabeth Olsen,https://www.redditp.com/r/elizabetholsen/top/?sort=top&t=all,real,actress,,
Ella Balinska,https://www.redditp.com/r/ellabalinska/top/?sort=top&t=all,real,actress,,
Elle Fanning,https://www.redditp.com/r/ellefanning/top/?sort=top&t=all,real,actress,,
Ellen Page,https://www.redditp.com/r/ellenpage/top/?sort=top&t=all,real,actress,,
Emilia Clarke,https://www.redditp.com/r/emiliaclarke/top/?sort=top&t=all,real,actress,,
Emilie de Ravin,https://www.instagram.com/emiliede_ravin/?hl=en,real,actress,,
Emily Blunt,https://www.redditp.com/r/emilyblunt/top/?sort=top&t=all,real,actress,,
Emily VanCamp,https://www.redditp.com/r/emilyvancamp/top/?sort=top&t=all,real,actress,,
Emma Mackey,https://www.redditp.com/r/emmamackey/top/?sort=top&t=all,real,actress,,
Emma Roberts,https://www.redditp.com/r/emma_roberts/top/?sort=top&t=all,real,actress,,
Emma Stone,https://www.redditp.com/r/emmastone/top/?sort=top&t=all,real,actress,,
Emma Watson,https://www.redditp.com/r/emmawatson/top/?sort=top&t=all,real,actress,,
Emmanuelle Chriqui,https://www.redditp.com/r/emmanuellechriqui/top/?sort=top&t=all,real,actress,,
Emmy Rossum,https://www.redditp.com/r/emmyrossum/top/?sort=top&t=all,real,actress,,
Erin Moriarty,https://www.redditp.com/r/erinmoriarty/top/?sort=top&t=all,real,actress,,
Estella Warren,https://imgur.com/a/GSmtuNc,real,actress,model,athlete
Ester Exposito,https://www.redditp.com/r/esterexposito/top/?sort=top&t=all,real,actress,,
Eva Green,https://www.redditp.com/r/evagreen/top/?sort=top&t=all,real,actress,,
Eva Longoria,https://www.redditp.com/r/evalongoria/top/?sort=top&t=all,real,actress,,
Eva Mendes,https://www.redditp.com/r/evamendes/top/?sort=top&t=all,real,actress,,
Evangeline Lilly,https://www.redditp.com/r/evangelinelilly/top/?sort=top&t=all,real,actress,,
Famke Janssen,https://www.redditp.com/r/famkejanssen/top/?sort=top&t=all,real,actress,,
Fan Bingbing,https://www.redditp.com/r/fanbingbing/top/?sort=top&t=all,real,actress,,
Felicity Jones,https://www.redditp.com/r/felicityjones/top/?sort=top&t=all,real,actress,,
Florence Pugh,https://www.redditp.com/r/florence_pugh/top/?sort=top&t=all,real,actress,,
Freya Allan,https://www.redditp.com/r/freyaallan/top/?sort=top&t=all,real,actress,,
Gal Gadot,https://www.redditp.com/r/galgadot/top/?sort=top&t=all,real,actress,,
Gemma Arterton,https://www.redditp.com/r/gemmaarterton/top/?sort=top&t=all,real,actress,,
Gemma Chan,https://www.redditp.com/r/gemmachan/top/?sort=top&t=all,real,actress,,
Georgia Hirst,https://www.redditp.com/r/georgiahirst/top/?sort=top&t=all,real,actress,,
Gwyneth Paltrow,https://www.redditp.com/r/gwynethpaltrow/top/?sort=top&t=all,real,actress,,
Halle Berry,https://www.redditp.com/r/halle_berry/top/?sort=top&t=all,real,actress,,
Hayden Panettiere,https://www.redditp.com/r/haydenpanettiere/top/?sort=top&t=all,real,actress,,
Hayley Atwell,https://www.redditp.com/r/hayleyatwell/top/?sort=top&t=all,real,actress,,
Helen Flanagan,https://www.redditp.com/r/helenflanagan/top/?sort=top&t=all,real,actress,,
Holly Marie Combs,https://www.instagram.com/thehmc/?hl=en,real,actress,,
Hunter King,https://www.redditp.com/r/hunterking/top/?sort=top&t=all,real,actress,,
Isla Fisher,https://www.redditp.com/r/islafisher/top/?sort=top&t=all,real,actress,,
Jamie Chung,https://www.redditp.com/r/jamiechung/top/?sort=top&t=all,real,actress,,
Jenna Coleman,https://www.redditp.com/r/jennalouisecoleman/top/?sort=top&t=all,real,actress,,
Jenna Fischer,https://www.redditp.com/r/jennafischer/top/?sort=top&t=all,real,actress,,
Jennette McCurdy,https://www.redditp.com/r/jennettemccurdy/top/?sort=top&t=all,real,actress,,
Jennifer Aniston,https://www.redditp.com/r/jenniferaniston/top/?sort=top&t=all,real,actress,,
Jennifer Connelly,https://www.redditp.com/r/jenniferconnelly/top/?sort=top&t=all,real,actress,,
Jennifer Lawrence,https://www.redditp.com/r/jenniferlawrence/top/?sort=top&t=all,real,actress,,
Jennifer Love Hewitt,https://www.redditp.com/r/jenniferlovehewitt/top/?sort=top&t=all,real,actress,,
Jennifer Morrison,https://www.redditp.com/r/jennifer_morrison/top/?sort=top&t=all,real,actress,,
Jessica Alba,https://www.redditp.com/r/jessicaalba/top/?sort=top&t=all,real,actress,,
Jessica Biel,https://www.redditp.com/r/jessicabiel/top/?sort=top&t=all,real,actress,,
Jessica Chastain,https://www.redditp.com/r/jessicachastain/top/?sort=top&t=all,real,actress,,
Jessica Parker Kennedy,https://www.redditp.com/r/jessicaparkerkennedy/top/?sort=top&t=all,real,actress,,
Joe Chen,https://www.instagram.com/iam_joechen/?hl=en,real,actress,,
Joey King,https://www.redditp.com/r/joeyking/top/?sort=top&t=all,real,actress,,
Jolene Blalock,https://imgur.com/a/iaekV,real,actress,,
Julianna Guill,https://www.redditp.com/r/juliannaguill/top/?sort=top&t=all,real,actress,,
Julianne Moore,https://www.redditp.com/r/juliannemoore/top/?sort=top&t=all,real,actress,,
Kaitlyn Dever,https://www.redditp.com/r/kaitlyndever/top/?sort=top&t=all,real,actress,,
Kaley Cuoco,https://www.redditp.com/r/kaleycuoco/top/?sort=top&t=all,real,actress,,
Karen Fukuhara,https://www.redditp.com/r/karenfukuhara/top/?sort=top&t=all,real,actress,,
Karen Gillan,https://www.redditp.com/r/karengillan/top/?sort=top&t=all,real,actress,,
Kat Dennings,https://www.redditp.com/r/katdennings/top/?sort=top&t=all,real,actress,,
Kate Beckinsale,https://www.redditp.com/r/katebeckinsale/top/?sort=top&t=all,real,actress,,
Kate Mara,https://www.redditp.com/r/katemara/top/?sort=top&t=all,real,actress,,
Kate Winslet,https://www.redditp.com/r/katewinslet/top/?sort=top&t=all,real,actress,,
Katelyn Nacon,https://www.redditp.com/r/katelynnacon/top/?sort=top&t=all,real,actress,,
Katherine Langford,https://www.redditp.com/r/katherinelangford/top/?sort=top&t=all,real,actress,,
Katherine McNamara,https://www.redditp.com/r/katherinemcnamara/top/?sort=top&t=all,real,actress,,
Katheryn Winnick,https://www.redditp.com/r/katherynwinnick/top/?sort=top&t=all,real,actress,,
Kathryn Newton,https://www.redditp.com/r/kathrynnewton/top/?sort=top&t=all,real,actress,,
Katie Cassidy,https://www.redditp.com/r/katiecassidy/top/?sort=top&t=all,real,actress,,
Katie McGrath,https://www.redditp.com/r/katiemcgrath/top/?sort=top&t=all,real,actress,,
Katrina Bowden,https://www.redditp.com/r/katrinabowden/top/?sort=top&t=all,real,actress,,
Katrina Kaif,https://www.redditp.com/r/katrinakaif/top/?sort=top&t=all,real,actress,,
Kaya Scodelario,https://www.redditp.com/r/kayascodelario/top/?sort=top&t=all,real,actress,,
Keira Knightley,https://www.redditp.com/r/keiraknightley/top/?sort=top&t=all,real,actress,,
Kiernan Shipka,https://www.redditp.com/r/kiernanshipka/top/?sort=top&t=all,real,actress,,
Kira Kosarin,https://www.redditp.com/r/kirakosarin/top/?sort=top&t=all,real,actress,,
Kristen Bell,https://www.redditp.com/r/kristenbell/top/?sort=top&t=all,real,actress,musician,
Kristen Stewart,https://www.redditp.com/r/kristenstewart/top/?sort=top&t=all,real,actress,,
Kriti Sanon,https://www.redditp.com/r/kritisanon/top/?sort=top&t=all,real,actress,,
Krysten Ritter,https://www.redditp.com/r/krystenritter/top/?sort=top&t=all,real,actress,,
Laura Marano,https://www.redditp.com/r/lauramarano/top/?sort=top&t=all,real,actress,,
Laura Ramsey,https://www.instagram.com/lauraramseyofficialfan/?hl=en,real,actress,,
Lauren Cohan,https://www.redditp.com/r/laurencohan/top/?sort=top&t=all,real,actress,,
Lea Seydoux,https://www.redditp.com/r/leaseydoux/top/?sort=top&t=all,real,actress,,
Leah Remini,https://www.redditp.com/r/Celebs/search?q=Leah+Remini&restrict_sr=on&include_over_18=on,real,actress,,
Leighton Meester,https://www.redditp.com/r/leightonmeester/top/?sort=top&t=all,real,actress,,
Lili Reinhart,https://www.redditp.com/r/lilireinhart/top/?sort=top&t=all,real,actress,,
Lili Simmons,https://www.redditp.com/r/lilisimmons/top/?sort=top&t=all,real,actress,,
Lily Collins,https://www.redditp.com/r/lilycollins/top/?sort=top&t=all,real,actress,,
Lily James,https://www.redditp.com/r/lilyjames/top/?sort=top&t=all,real,actress,musician,
Lucy Hale,https://www.redditp.com/r/lucyhale/top/?sort=top&t=all,real,actress,,
Lyndsy Fonseca,https://www.redditp.com/r/lyndsyfonseca/top/?sort=top&t=all,real,actress,,
Mackenzie Foy,https://www.redditp.com/r/mackenziefoy/top/?sort=top&t=all,real,actress,,
Madelaine Petsch,https://www.redditp.com/r/madelainepetsch/top/?sort=top&t=all,real,actress,,
Madeline Zima,https://www.redditp.com/r/madelinezima/top/?sort=top&t=all,real,actress,,
Maggie Q,https://www.redditp.com/r/maggieq/top/?sort=top&t=all,real,actress,,
Maisie Williams,https://www.redditp.com/r/maisiewilliams/top/?sort=top&t=all,real,actress,,
Margot Robbie,https://www.redditp.com/r/margotrobbie/top/?sort=top&t=all,real,actress,,
Maria Menounos,https://www.redditp.com/r/mariamenounos/top/?sort=top&t=all,real,actress,,
Marie Avgeropoulos,https://www.redditp.com/r/marieavgeropoulos/top/?sort=top&t=all,real,actress,,
Marisa Tomei,https://www.redditp.com/r/marisatomei/top/?sort=top&t=all,real,actress,,
Marisha Ray,https://www.instagram.com/marisha_ray/?hl=en,real,actress,internet,
Martha Higareda,https://www.redditp.com/r/marthahigareda/top/?sort=top&t=all,real,actress,,
Mary Elizabeth Winstead,https://www.redditp.com/r/maryelizabethwinstead/top/?sort=top&t=all,real,actress,,
Maude Garrett,https://www.redditp.com/r/maude_garrett/top/?sort=top&t=all,real,actress,internet,
Maya Hawke,https://www.redditp.com/r/mayahawke/top/?sort=top&t=all,real,actress,,
Meagan Good,https://www.redditp.com/r/meagangood/top/?sort=top&t=all,real,actress,,
Megan Fox,https://www.redditp.com/r/meganfox/top/?sort=top&t=all,real,actress,,
Meghan Markle,https://www.redditp.com/r/meghanmarkle/top/?sort=top&t=all,real,actress,,
Melissa Benoist,https://www.redditp.com/r/melissabenoist/top/?sort=top&t=all,real,actress,,
Michelle Keegan,https://www.redditp.com/r/michellekeegan/top/?sort=top&t=all,real,actress,,
Michelle Trachtenberg,https://www.redditp.com/r/michelletrachtenberg/top/?sort=top&t=all,real,actress,,
Mila Kunis,https://www.redditp.com/r/milakunis/top/?sort=top&t=all,real,actress,,
Milana Vayntrub,https://www.redditp.com/r/milanavayntrub/top/?sort=top&t=all,real,actress,,
Milla Jovovich,https://www.redditp.com/r/millajovovich/top/?sort=top&t=all,real,actress,,
Ming-Na Wen,https://www.redditp.com/r/mingnawen/top/?sort=top&t=all,real,actress,,
Minka Kelly,https://www.redditp.com/r/minkakelly/top/?sort=top&t=all,real,actress,,
Miranda Cosgrove,https://www.redditp.com/r/mirandacosgrove/top/?sort=top&t=all,real,actress,,
Monica Bellucci,https://www.redditp.com/r/monicabellucci/top/?sort=top&t=all,real,actress,,
Morena Baccarin,https://www.redditp.com/r/morenabaccarin/top/?sort=top&t=all,real,actress,,
Naomi Scott,https://www.redditp.com/r/naomiscott/top/?sort=top&t=all,real,actress,,
Natalia Dyer,https://www.redditp.com/r/nataliadyer/top/?sort=top&t=all,real,actress,,
Natalie Alyn Lind,https://www.redditp.com/r/nataliealynlind/top/?sort=top&t=all,real,actress,,
Natalie Dormer,https://www.redditp.com/r/nataliedormer/top/?sort=top&t=all,real,actress,,
Natalie Martinez,https://www.redditp.com/r/nataliemartinez/top/?sort=top&t=all,real,actress,,
Natalie Portman,https://www.redditp.com/r/natalieportman/top/?sort=top&t=all,real,actress,,
Natasha Liu Bordizzo,https://www.redditp.com/r/natashaliubordizzo/top/?sort=top&t=all,real,actress,,
Nathalie Emmanuel,https://www.redditp.com/r/nathalieemmanuel/top/?sort=top&t=all,real,actress,,
Nina Dobrev,https://www.redditp.com/r/ninadobrev/top/?sort=top&t=all,real,actress,,
Olivia Holt,https://www.redditp.com/r/oliviaholt/top/?sort=top&t=all,real,actress,,
Olivia Munn,https://www.redditp.com/r/oliviamunn/top/?sort=top&t=all,real,actress,,
Olivia Wilde,https://www.redditp.com/r/oliviawilde/top/?sort=top&t=all,real,actress,,
Park So-Dam,https://www.redditp.com/r/parksodam/top/?sort=top&t=all,real,actress,,
Paulina Gaitan,https://www.redditp.com/r/paulinagaitan/top/?sort=top&t=all,real,actress,,
Penelope Cruz,https://www.redditp.com/r/penelopecruz/top/?sort=top&t=all,real,actress,,
Peyton List,https://www.redditp.com/r/peytonlist/top/?sort=top&t=all,real,actress,,
Pom Klementieff,https://www.redditp.com/r/pomklementieff/top/?sort=top&t=all,real,actress,,
Poonam Pandey,https://www.redditp.com/r/poonampandeyfanatics/top/?sort=top&t=all,real,actress,model,
Priyanka Chopra,https://www.redditp.com/r/priyankachopra/top/?sort=top&t=all,real,actress,,
Rachel McAdams,https://www.redditp.com/r/rachelmcadams/top/?sort=top&t=all,real,actress,,
Rachel Nichols,https://www.redditp.com/r/rachelnichols/top/?sort=top&t=all,real,actress,,
Rachel Weisz,https://www.redditp.com/r/rachelweisz/top/?sort=top&t=all,real,actress,,
Radhika Apte,https://www.redditp.com/r/HQDesi/search?q=Radhika+Apte&restrict_sr=on&include_over_18=on,real,actress,,
Rashida Jones,https://www.redditp.com/r/rashidajones/top/?sort=top&t=all,real,actress,,
Reese Witherspoon,https://www.redditp.com/r/reesewitherspoon/top/?sort=top&t=all,real,actress,,
Rosanna Pansino,https://www.redditp.com/r/rosannapansino/top/?sort=top&t=all,real,actress,internet,
Rosario Dawson,https://www.redditp.com/r/rosariodawson/top/?sort=top&t=all,real,actress,,
Rose Byrne,https://www.redditp.com/r/rosebyrne/top/?sort=top&t=all,real,actress,,
Rose Leslie,https://www.redditp.com/r/roseleslie/top/?sort=top&t=all,real,actress,,
Sadie Robertson,https://www.redditp.com/r/sadierobertson/top/?sort=top&t=all,real,actress,,
Salma Hayek,https://www.redditp.com/r/salmahayek/top/?sort=top&t=all,real,actress,,
Samara Weaving,https://www.redditp.com/r/samaraweaving/top/?sort=top&t=all,real,actress,,
Saoirse Ronan,https://www.redditp.com/r/saoirseronan/top/?sort=top&t=all,real,actress,,
Sarah Hyland,https://www.redditp.com/r/sarahhyland/top/?sort=top&t=all,real,actress,,
Sarah Michelle Gellar,https://www.redditp.com/r/sarahmichellegellar/top/?sort=top&t=all,real,actress,,
Sarah Shahi,https://www.redditp.com/r/sarahshahi/top/?sort=top&t=all,real,actress,,
Satomi Ishihara,https://www.redditp.com/r/satomiishihara/top/?sort=top&t=all,real,actress,,
Scarlett Johansson,https://www.redditp.com/r/scarlettjohansson/top/?sort=top&t=all,real,actress,,
Shantel VanSanten,https://www.redditp.com/r/shantelvansanten/top/?sort=top&t=all,real,actress,,
Shay Mitchell,https://www.redditp.com/r/shaymitchell/top/?sort=top&t=all,real,actress,,
Sofia Vergara,https://www.redditp.com/r/sofiavergara/top/?sort=top&t=all,real,actress,,
Sophie Turner,https://www.redditp.com/r/sophieturner/top/?sort=top&t=all,real,actress,,
Stana Katic,https://www.redditp.com/r/stanakatic/top/?sort=top&t=all,real,actress,,
Stephanie Beatriz,https://www.redditp.com/r/stephaniebeatriz/top/?sort=top&t=all,real,actress,,
Stormi Maya,https://www.instagram.com/stormimaya/?hl=en,real,actress,,
Summer Bishil,https://www.redditp.com/r/summerbishil/top/?sort=top&t=all,real,actress,,
Summer Glau,https://www.redditp.com/r/summerglau/top/?sort=top&t=all,real,actress,,
Sydney Park,https://www.redditp.com/r/sydneypark/top/?sort=top&t=all,real,actress,,
Sydney Sweeney,https://www.redditp.com/r/sydneysweeney/top/?sort=top&t=all,real,actress,,
Talulah Riley,https://www.redditp.com/r/talulahriley/top/?sort=top&t=all,real,actress,,
Tatiana Maslany,https://www.redditp.com/r/tatianamaslany/top/?sort=top&t=all,real,actress,,
Taylor Russell,https://www.redditp.com/r/Celebs/search?q=Taylor+Russell&restrict_sr=on&include_over_18=on&sort=relevance&t=all,real,actress,,
Teresa Ruiz,https://www.redditp.com/r/teresaruiz/top/?sort=top&t=all,real,actress,,
Tessa Thompson,https://www.redditp.com/r/tessathompson/top/?sort=top&t=all,real,actress,,
Tiffany Tang,https://www.instagram.com/tangyan_tiffanytang/?hl=en,real,actress,,
Tricia Helfer,https://www.redditp.com/r/triciahelfer/top/?sort=top&t=all,real,actress,,
Trisha Hershberger,https://www.redditp.com/r/trishahershberger/top/?sort=top&t=all,real,actress,internet,
Ursula Corbero,https://www.redditp.com/r/ursulacorbero/top/?sort=top&t=all,real,actress,,
Vanessa Merrell,https://www.redditp.com/r/vanessamerrell/top/?sort=top&t=all,real,actress,internet,
Vanessa Morgan,https://www.redditp.com/r/vanessamorgan/top/?sort=top&t=all,real,actress,,
Veronica Merrell,https://www.redditp.com/r/veronicamerrell/top/?sort=top&t=all,real,actress,internet,
Vica Kerekes,https://www.redditp.com/r/vicakerekes/top/?sort=top&t=all,real,actress,,
Victoria Justice,https://www.redditp.com/r/victoriajustice/top/?sort=top&t=all,real,actress,musician,
Violett Beane,https://www.redditp.com/r/violettbeane/top/?sort=top&t=all,real,actress,,
Virginia Gardner,https://www.redditp.com/r/virginiagardner/top/?sort=top&t=all,real,actress,,
Whitney Moore,https://www.redditp.com/r/whitneymoore/top/?sort=top&t=all,real,actress,internet,
Willa Holland,https://www.redditp.com/r/willaholland/top/?sort=top&t=all,real,actress,,
Yvonne Strahovski,https://www.redditp.com/r/yvonnestrahovski/top/?sort=top&t=all,real,actress,,
Zendaya,https://www.redditp.com/r/zendaya/top/?sort=top&t=all,real,actress,musician,
Zoe Kravitz,https://www.redditp.com/r/zoekravitz/top/?sort=top&t=all,real,actress,,
Zoe Saldana,https://www.redditp.com/r/zoesaldana/top/?sort=top&t=all,real,actress,,
Zoey Deutch,https://www.redditp.com/r/zoeydeutch/top/?sort=top&t=all,real,actress,,
Zooey Deschanel,https://www.redditp.com/r/zooeydeschanel/top/?sort=top&t=all,real,actress,musician,
Samantha Barks,https://www.redditp.com/r/samanthabarks/top/?sort=top&t=all,real,actress,,
Julianne Hough,https://www.redditp.com/r/juliannehough/top/?sort=top&t=all,real,actress,musician,
Stella Hudgens,https://www.redditp.com/r/stellahudgens/top/?sort=top&t=all,real,actress,,
Sammi Hanratty,https://www.redditp.com/r/sammihanratty/top/?sort=top&t=all,real,actress,,
Paris Berelc,https://www.redditp.com/r/parisberelc/top/?sort=top&t=all,real,actress,,
Rebecca Ferguson,https://www.redditp.com/r/rebeccalouisaferguson/top/?sort=top&t=all,real,actress,,
Haley Bennett,https://www.redditp.com/r/haley_bennett_/top/?sort=top&t=all,real,actress,,
Adrianne Palicki,,real,actress,,
Brec Bassinger,,real,actress,,
Inbar Lavi,,real,actress,,
Jenna Ortega,,real,actress,,
Yvette Monreal,,real,actress,,
Adria Arjona,,real,actress,,
Dafne Keen,,real,actress,,
Ella Purnell,,real,actress,,
Mimi Keene,,real,actress,,
Xochitl Gomez,,real,actress,,
Sadie Sink,,real,actress,,
Millie Bobby Brown,,real,actress,,
Emma Myers,,real,actress,,
Rachel Zegler,,real,actress,,
Madelyn Cline,,real,actress,,
Vanessa Kirby,,real,actress,,
Claudia Doumit,,real,actress,,
Maddie Ziegler,,real,actress,,
Ivanna Sakhno,,real,actress,,
Cristin Milioti,,real,actress,,
Gracie Abrams,,real,actress,,
Rachel Brosnahan,,real,actress,,
Maria Zhang,,real,actress,,
Freya Sky,,real,actress,,
Milly Alcock,,real,actress,,
Caylee Cowan,,real,actress,,
Rowan Blanchard,,real,actress,,
