Alex Morgan,https://www.redditp.com/r/alexmorgan/top/?sort=top&t=all,real,athlete,
Alexa Bliss,https://www.redditp.com/r/alexabliss/top/?sort=top&t=all,real,athlete,actress
Aly Raisman,https://www.redditp.com/r/alyraisman/top/?sort=top&t=all,real,athlete,
McKayla Maroney,https://www.redditp.com/r/mckaylamaroney/top/?sort=top&t=all,real,athlete,
Peyton Royce,https://www.redditp.com/r/peytonroyce/top/?sort=top&t=all,real,athlete,
Rachel DeMita,https://www.redditp.com/r/racheldemita/top/?sort=top&t=all,real,athlete,
Sasha Banks,https://www.redditp.com/r/thelegitboss/top/?sort=top&t=all,real,athlete,
Taynara Conti,https://www.redditp.com/r/taynarawwe/top/?sort=top&t=all,real,athlete,
Alica Schmidt,,real,athlete,
Cameron Brink,,real,athlete,
Hailey Van Lith,,real,athlete,
Olivia Dunne,,real,athlete,
Paige Bueckers,,real,athlete,
Hanna Cavinder,,real,athlete,
Sophie Cunningham,,real,athlete,
Veronika Miller,,real,athlete,
Alyssa Liu,,real,athlete,
Jutta Leerdam,,real,athlete,
