Addison Rae,,fictional,liveaction
Alana Kern,,fictional,liveaction
Bella Poarch,,fictional,liveaction
Breckie Hill,,fictional,liveaction
Brooke Monk,,fictional,liveaction
Charli DAmelio,,fictional,liveaction
Cherrycrush,,fictional,liveaction
Desiluted,,fictional,liveaction
Dixie DAmelio,,fictional,liveaction
Ella Mendelsohn,,fictional,liveaction
Emiru,,fictional,liveaction
Emma Louise,,fictional,liveaction
Faith Ordway,,fictional,liveaction
Katie Sigmond,,fictional,liveaction
Lea Martinez,,fictional,liveaction
Leah Halton,,fictional,liveaction
Lily Chee,,fictional,liveaction
Loren Gray,,fictional,liveaction
Olivia Ponton,,fictional,liveaction
Pokimane,,fictional,liveaction
Sarah Snyder,,fictional,liveaction
Sophie Rain,,fictional,liveaction
Valkyrae,,fictional,liveaction
Violet Summers,,fictional,liveaction
Waterlynn,,fictional,liveaction
Kyla Dodds,,fictional,liveaction
supcaitlin,,fictional,liveaction
JadeTeen,,fictional,liveaction
Kate Kuray,,fictional,liveaction
pelmentoschan,,fictional,liveaction
Sadie McKenna,,fictional,liveaction
Rachie Love,,fictional,liveaction
