Adriana Lima,https://www.redditp.com/r/adrianalima/top/?sort=top&t=all,real,model,
Alessandra Ambrosio,https://www.redditp.com/r/alessandraambrosio/top/?sort=top&t=all,real,model,
Alexis Ren,https://www.redditp.com/r/alexisren/top/?sort=top&t=all,real,model,
Alissa Violet,https://www.redditp.com/r/alissaviolet/top/?sort=top&t=all,real,model,internet
Amanda Cerny,https://www.redditp.com/r/amandacerny/top/?sort=top&t=all,real,model,internet
Amouranth,https://www.redditp.com/r/amouranth/top/?sort=top&t=all,real,internet,model
Ari WAVEYA,https://www.instagram.com/waveyaari/?hl=en,real,model,internet
Ariana Dugarte,https://www.redditp.com/r/arianadugarte/top/?sort=top&t=all,real,model,
Barbara Palvin,https://www.redditp.com/r/barbarapalvin/top/?sort=top&t=all,real,model,
Bella Hadid,https://www.redditp.com/r/bellahadid/top/?sort=top&t=all,real,model,
Belle Delphine,https://www.redditp.com/r/belledelphine_/top/?sort=top&t=all,real,internet,
Brooklyn Decker,https://www.redditp.com/r/brooklyndecker/top/?sort=top&t=all,real,model,
Candice Swanepoel,https://www.redditp.com/r/candiceswanepoel/top/?sort=top&t=all,real,model,
Cara Delevingne,https://www.redditp.com/r/caradelevingne/top/?sort=top&t=all,real,model,
Charlotte McKinney,https://www.redditp.com/r/charlottemckinney/top/?sort=top&t=all,real,model,
Corinna Kopf,https://www.redditp.com/r/corinnakopf/top/?sort=top&t=all,real,model,internet
Danielle Sharp,https://www.redditp.com/r/daniellesharp/top/?sort=top&t=all,real,model,
Elizabeth Turner,https://www.redditp.com/r/elizabethturner/top/?sort=top&t=all,real,model,
Emily Ratajkowski,https://www.redditp.com/r/emilyratajkowski/top/?sort=top&t=all,real,model,
Faryn Corey,https://www.redditp.com/r/faryncorey/top/?sort=top&t=all,real,model,internet
Gigi Hadid,https://www.redditp.com/r/gigi_hadid/top/?sort=top&t=all,real,model,
Gisele Bundchen,https://www.redditp.com/r/giselebundchen/top/?sort=top&t=all,real,model,
Heidi Klum,https://www.redditp.com/r/heidiklum/top/?sort=top&t=all,real,model,
Irina Shayk,https://www.redditp.com/r/irinashayk/top/?sort=top&t=all,real,model,
Jasmine Tookes,https://www.redditp.com/r/jasmine_tookes/top/?sort=top&t=all,real,model,
Jessica Nigri,https://www.redditp.com/r/jessicanigri/top/?sort=top&t=all,real,model,internet
Josephine Skriver,https://www.redditp.com/r/josephine_skriver/top/?sort=top&t=all,real,model,
Justine Ezarik,https://www.redditp.com/r/justineezarik+ijustine+ijustinehd/top/?sort=top&t=all,real,internet,
Kaili Thorne,https://imgur.com/a/xpXgj,real,model,
Karlie Kloss,https://www.redditp.com/r/karliekloss/top/?sort=top&t=all,real,model,
Kate Upton,https://www.redditp.com/r/kateupton/top/?sort=top&t=all,real,model,
Kelly Brook,https://www.redditp.com/r/kellybrook/top/?sort=top&t=all,real,model,
Kendall Jenner,https://www.redditp.com/r/kendalljenner/top/?sort=top&t=all,real,model,
Kim Kardashian,https://www.redditp.com/r/kimkardashianpics/top/?sort=top&t=all,real,model,
Kylie Jenner,https://www.redditp.com/r/kyliejenner/top/?sort=top&t=all,real,model,
Lais Ribeiro,https://www.redditp.com/r/laisribeiro/top/?sort=top&t=all,real,model,
Lauren Alexis,https://www.redditp.com/r/laurenalexis_nsfw/top/?sort=top&t=all,real,model,internet
Lauren Summer,https://www.instagram.com/heylaurensummer,real,model,
Lele Pons,https://www.redditp.com/r/lele_pons/top/?sort=top&t=all,real,internet,
Lindsey Pelas,https://www.redditp.com/r/lindseypelas/top/?sort=top&t=all,real,model,
Melanie Iglesias,https://www.redditp.com/r/melanieiglesias/top/?sort=top&t=all,real,model,internet
MiU WAVEYA,https://www.instagram.com/waveyamiu/?hl=en,real,model,internet
Miranda Kerr,https://www.redditp.com/r/mirandakerr/top/?sort=top&t=all,real,model,
Nina Agdal,https://www.redditp.com/r/ninaagdal/top/?sort=top&t=all,real,model,
Rachel Cook,https://www.redditp.com/r/rachelcook/top/?sort=top&t=all,real,model,
Rosie Huntington-Whiteley,https://www.redditp.com/r/rosiewhiteley/top/?sort=top&t=all,real,model,
SSSniperWolf,https://www.redditp.com/r/sssniperwolf_pics/top/?sort=top&t=all,real,internet,
STPeach,https://www.redditp.com/r/stpeach/top/?sort=top&t=all,real,internet,
Sabrina Lynn,https://www.redditp.com/r/sabrina_lynn/top/?sort=top&t=all,real,model,
Sara Sampaio,https://www.redditp.com/r/sarasampaio/top/?sort=top&t=all,real,model,
Sara Underwood,https://www.redditp.com/r/sarajunderwood/top/?sort=top&t=all,real,model,
Sarah McDaniel,https://www.redditp.com/r/sarahrosemcdaniel/top/?sort=top&t=all,real,model,
Sommer Ray,https://www.redditp.com/r/sommerray/top/?sort=top&t=all,real,model,internet
Sophie Mudd,https://www.redditp.com/r/sophiem/top/?sort=top&t=all,real,model,internet
Taylor Hill,https://www.redditp.com/r/taylormariehill/top/?sort=top&t=all,real,model,
Yanet Garcia,https://www.redditp.com/r/yanetgarcia/top/?sort=top&t=all,real,model,
Yasmine Sams,https://www.instagram.com/yas_sierra_/?hl=en,real,model,internet
Demi Rose Mawby,https://www.redditp.com/r/demirosemawby/top/?sort=top&t=all,real,model,
Stella Maxwell,https://www.redditp.com/r/stellamaxwell/top/?sort=top&t=all,real,model,
Selti,,real,model,
Beatriz Fernandez,,real,model,
Cindy Mello,,real,model,
Cindy Prado,,real,model,
Hailey Bieber,,real,model,
Hailey Grice,,real,model,
Helga Lovekaty,,real,model,
Jocelyn Chew,,real,model,
Leni Klum,,real,model,
Liza Kovalenko,,real,model,
Madison Pettis,,real,model,
Nata Lee,,real,model,
Natalia Gryglewska,,real,model,
Nicola Cavanis,,real,model,
Sky Bri,,real,model,
Emma Kotos,,real,model,
Christen Harper,,real,model,
Anna Malygon,,real,model,
Natalie Levin,,real,model,
Lorena Rae,,real,model,
Valeriya,,real,model,
Luna Piombanti,,real,model,
Skylar Mae,,real,model,
Magui Corceiro,,real,model,
Rachelle Van Waardhuizen,,real,model,
Solana Costag,,real,model,
Victoria Lomnasan,,real,model,
Janae Roberts,,real,model,
Shayna Loren,,real,model,
Valerya Lapidus,,real,model,
Leila Bellal,,real,model,
Nicole Booker,,real,model,
Stephanie Mandich,,real,model,
Alina Lando,,real,model,
Shana Eden Koehler,,real,model,
Carmella Rose,,real,model,
Lily Easton,,real,model,
Olya Abramovich,,real,model,
Aulona Sopaj,,real,model,
Emily Feld,,real,model,
Sarah Waddles,,real,model,
Danielle Fedder,,real,model,
Anastasia Mitina,,real,model,
Lyna Perez,,real,model,
Yoana Nikolova,,real,model,
Riley Rasmussen,,real,model,
Sophie Deming,,real,model,
