Ariana Grande,https://www.redditp.com/r/arianagrandelewd/top/?sort=top&t=all,real,musician,actress
Bebe Rexha,https://www.redditp.com/r/beberexha/top/?sort=top&t=all,real,musician,
Becky G,https://www.redditp.com/r/beckyg/top/?sort=top&t=all,real,musician,
Billie Eilish,https://www.redditp.com/r/BillieEilish1/top/?sort=top&t=all,real,musician,
Britney Spears,https://www.redditp.com/r/britneyspears/top/?sort=top&t=all,real,musician,
Camila Cabello,https://www.redditp.com/r/camilacabello/top/?sort=top&t=all,real,musician,
Carly Rae Jepsen,https://www.redditp.com/r/worshipcarlyrae/top/?sort=top&t=all,real,musician,
Charli XCX,https://www.redditp.com/r/charlixcx/top/?sort=top&t=all,real,musician,
Demi Lovato,https://www.redditp.com/r/demilovato/top/?sort=top&t=all,real,musician,
Dua Lipa,https://www.redditp.com/r/dualipa/top/?sort=top&t=all,real,musician,
Hailee Steinfeld,https://www.redditp.com/r/haileesteinfeld/top/?sort=top&t=all,real,musician,actress
Halsey,https://www.redditp.com/r/halseylust/top/?sort=top&t=all,real,musician,
Hilary Duff,https://www.redditp.com/r/hilaryduff/top/?sort=top&t=all,real,musician,actress
IU,https://www.redditp.com/r/aiyu/top/?sort=top&t=all,real,musician,kpop
Iggy Azalea,https://www.redditp.com/r/iggyazalea/top/?sort=top&t=all,real,musician,
Isabela Merced,https://www.redditp.com/r/isabelamerced/top/?sort=top&t=all,real,musician,actress
Jojo Levesque,https://www.redditp.com/r/jojo/top/?sort=top&t=all,real,musician,
Jordyn Jones,https://www.redditp.com/r/jordynjones/top/?sort=top&t=all,real,musician,
Kacy Hill,https://www.redditp.com/r/kacyhill/top/?sort=top&t=all,real,musician,model
Katy Perry,https://www.redditp.com/r/katyperry/top/?sort=top&t=all,real,musician,
Lady Gaga,https://www.redditp.com/r/ladygagasass/top/?sort=top&t=all,real,musician,
Lana Del Rey,https://www.redditp.com/r/lanadelreypictures/top/?sort=top&t=all,real,musician,
Madison Beer,https://www.redditp.com/r/madisonbeer/top/?sort=top&t=all,real,musician,
Rose,https://www.redditp.com/r/rose/top/?sort=top&t=all,real,musician,kpop
Sabrina Carpenter,https://www.redditp.com/r/sabrinacarpenter/top/?sort=top&t=all,real,musician,
Selena Gomez,https://www.redditp.com/r/selenagomez/top/?sort=top&t=all,real,musician,actress
Shakira,https://www.redditp.com/r/shakira/top/?sort=top&t=all,real,musician,actress
Taylor Swift,https://www.redditp.com/r/taylorswiftpictures/top/?sort=top&t=all,real,musician,
Vanessa Hudgens,https://www.redditp.com/r/vanessahudgens/top/?sort=top&t=all,real,musician,actress
Olivia Rodrigo,,real,musician,
Tate McRae,,real,musician,
