Abella Danger,https://www.pornmd.com/straight/abella+danger,real,pornstar,
Adria Rae,https://www.pornmd.com/straight/adria+rae,real,pornstar,
Adriana Chechik,https://www.pornmd.com/straight/adriana+chechik,real,pornstar,
Alli Rae,https://www.pornmd.com/straight/alli+rae,real,pornstar,
Anjelica Ebbi,https://www.pornmd.com/straight/anjelica+ebbi,real,pornstar,
Anri Okita,https://www.pornmd.com/straight/anri+okita,real,pornstar,
Aria Alexander,https://www.pornmd.com/straight/aria+alexander,real,pornstar,
Autumn Falls,https://www.pornmd.com/straight/autumn+falls,real,pornstar,
Cindy Starfall,https://www.pornmd.com/straight/cindy+starfall,real,pornstar,
Dani Daniels,https://www.pornmd.com/straight/dani+daniels,real,pornstar,
Dillion Harper,https://www.pornmd.com/straight/dillion+harper,real,pornstar,
Elsa Jean,https://www.pornmd.com/straight/elsa+jean,real,pornstar,
Emily Willis,https://www.pornmd.com/straight/emily+willis,real,pornstar,
Eva Elfie,https://www.pornmd.com/straight/eva+elfie,real,pornstar,
Eva Lovia,https://www.pornmd.com/straight/eva+lovia,real,pornstar,
Gina Valentina,https://www.pornmd.com/straight/gina+valentina,real,pornstar,
Haley Reed,https://www.pornmd.com/straight/haley+reed,real,pornstar,
Janice Griffith,https://www.pornmd.com/straight/janice+griffith,real,pornstar,
Jessa Rhodes,https://www.pornmd.com/straight/jessa+rhodes,real,pornstar,
Jia Lissa,https://www.pornmd.com/straight/jia+lissa,real,pornstar,
Kali Roses,https://www.pornmd.com/straight/kali+roses,real,pornstar,
Kimmy Granger,https://www.pornmd.com/straight/kimmy+granger,real,pornstar,
Lana Rhoades,https://www.pornmd.com/straight/lana+rhoades,real,pornstar,
Leah Gotti,https://www.pornmd.com/straight/leah+gotti,real,pornstar,
Little Caprice,https://www.pornmd.com/straight/little+caprice,real,pornstar,
Madison Ivy,https://www.pornmd.com/straight/madison+ivy,real,pornstar,
Megan Rain,https://www.pornmd.com/straight/megan+rain,real,pornstar,
Mia Malkova,https://www.pornmd.com/straight/mia+malkova,real,pornstar,
Mia Melano,https://www.pornmd.com/straight/mia+melano,real,pornstar,
Mila Azul,https://www.pornhub.com/pornstar/mila-azul,real,pornstar,
Nicole Aniston,https://www.pornmd.com/straight/nicole+aniston,real,pornstar,
Peta Jensen,https://www.pornmd.com/straight/peta+jensen,real,pornstar,
Piper Perri,https://www.pornmd.com/straight/piper+perri,real,pornstar,
Rae Lil Black,https://www.pornmd.com/straight/rae+lil+black,real,pornstar,
Riley Reid,https://www.pornmd.com/straight/riley+reid,real,pornstar,
Sasha Grey,https://www.pornmd.com/straight/sasha+grey,real,pornstar,
Staci Silverstone,https://www.pornmd.com/straight/staci+silverstone,real,pornstar,
Sunny Leone,https://www.pornmd.com/straight/sunny+leone,real,pornstar,actress
Tori Black,https://www.pornmd.com/straight/tori+black,real,pornstar,
Vina Sky,https://www.pornmd.com/straight/vina+sky,real,pornstar,
Natalie Lust,https://www.pornmd.com/straight/natalie+lust,real,pornstar,
Kenzie Reeves,https://www.pornmd.com/straight/kenzie+reeves,real,pornstar,
Evelyn Claire,https://www.pornmd.com/straight/evelyn+claire,real,pornstar,
Apolonia Lapiedra,,real,pornstar,
Aria Lee,,real,pornstar,
Carolina Sweets,,real,pornstar,
Dakota Tyler,,real,pornstar,
Elle Lee,,real,pornstar,
Gina Gerson,,real,pornstar,
Liya Silver,,real,pornstar,
Lulu Chu,,real,pornstar,
Nancy Ace,,real,pornstar,
Naomi Woods,,real,pornstar,
Sonya Blaze,,real,pornstar,
Eliza Ibarra,,real,pornstar,
Sybil,,real,pornstar,
Tiffany Tatum,,real,pornstar,
Vanna Bardot,,real,pornstar,
Veronica Rodriquez,,real,pornstar,
Lia Lin,,real,pornstar,
Eve Sweet,,real,pornstar,
Vanessa Alessia,,real,pornstar,
Agatha Vega,,real,pornstar,
Teanna Trump,,real,pornstar,
Ella Reese,,real,pornstar,
